id,set,source,severity,claim,where,probe,status
SEC-01,security,security agent,HIGH,"silver standardisation rewrites the SECURITY field, changing who may see a row: source 'us-west ' is served 'us-west', so a row invisible to everyone becomes visible to a whole region",core/mirror/standardise.py + any type declaring security: field:,"python -c ""from core.mirror.standardise import rules_for,standardise as s; r=rules_for({'type':'data'}); print(repr(s('us-west ',r)))""",open; backend. Same call already made the OTHER way for coercion at UNIFIED_ROADMAP:1290 and not carried across
SEC-02,security,security agent,MED,"with_lineage() spreads system values AFTER the row, so a customer column named _silo/_source_table/_row_hash is silently overwritten; no guard refuses the name anywhere",core/mirror/lineage.py with_lineage(),"python -c ""from core.mirror.lineage import with_lineage as w; print(w([{'_silo':'CUSTOMER'}],columns=['_silo'],silo_name='primary_sql',table_name='t')[0]['_silo'])""",open; backend. Loss happens ONCE here; gold carries the already-lost value forward
SEC-03,security,security agent,LOW,an ontology field named _silo crashes the gold build with KeyError 'Column _silo does not exist in schema' rather than being refused at load; per PA001-G5 a raise out of gold means later types never build,"core/mirror/gold.py _arrow(), names += LINEAGE_COLUMNS",declare a field named _silo on any type and run a gold build,"open; backend. Different failure from SEC-02, same root"
SEC-04,security,security agent,MED,"a 'parameter' submission criterion added AFTER a write was proposed is silently skipped at confirm, because _criteria_for reads the CURRENT definition while pending.parameters came from the old one",core/ontology/write_mediator.py _check_approver_criteria,"evaluate_submission_criteria([{check:parameter,field:amount,...}], None, {'employee_id':'e1'}, None) -> passes","FIXED b33f929, controls fired 2/5 and 2/5"
SEC-05,security,security agent,HIGH,"a literal database password is accepted by expand_secrets() and data_silos.yaml is published VERBATIM into the lake manifest, defeating manifest.py's own rule that 'a lake reader must never become a credential reader'",core/secret_references.py + core/mirror/manifest.py PUBLISHABLE,"python -c ""from core.secret_references import expand_secrets as e; print(e({'url':'postgresql+psycopg://u:hunter2@h/db'}))""","HALF FIXED here: expand_secrets() now refuses a literal credential before substitution, so the loader refuses at startup. The OTHER half -- redacting data_silos.yaml on publish in manifest.py -- is backend's and still open; it catches a config edited after load"
SEC-06,security,security agent,HIGH,"000COORDINATION.md's ownership table matches only 89 of 145 source files: 56 are owned by NO rule, including security-load-bearing code -- api/auth_dependency.py (get_current_user), core/sqlite_connection.py (the engine-enforced read-only connection), scripts/bootstrap_root.py (creates the root account), core/role_store.py, core/ontology/object_type_validation.py (refuses a type with no security declaration), core/secret_references.py and core/ontology/submission_criteria.py",000COORDINATION.md ownership table,git ls-files '*.py' | grep -v '^tests/\|^ui/' and fnmatch each against the backticked patterns in 000COORDINATION.md -> 56 unmatched,open; owner. Was recorded as 2 files found by accident; a systematic pass found 56. No catch-all rule exists
SEC-07,security,security agent,SEC,"E-02 residual: field lengths are bounded but the NUMBER of distinct usernames inside one 15-min window is not; ~307 bytes/row, ~28 MB at 100 req/s, unauthenticated. A GLOBAL row cap is unsafe in BOTH eviction directions",core/auth/login_attempt_tracker.py + api/routes.py,400 unauthenticated logins with distinct legal-length usernames; measure credentials.db,"HALF FIXED here: record_failure(username, source=) bounds one source to 50 distinct usernames per window; a global cap was proposed and withdrawn as unsafe in both eviction directions. NOT WIRED -- no caller passes a source, so the residual is still open in the running product. The route change is one keyword argument, filed in REQUESTS_security.md, including the trusted-proxy question I did not decide for backend"
SEC-08,security,security agent,INFO,"/admin/mirror row counts are raw table counts spanning every compartment, and an administrator also has a MAC value; AGENTS.md says a GROUP BY pushed into SQL would aggregate rows the caller cannot see",api/routes.py /admin/mirror,read the docstring; it reasons about the gating but not about MAC,"question, not a defect. Is manage:deployment a MAC bypass for aggregates? Same shape as R39 and R61"
SEC-09,security,security agent,LOW,"nothing calls executor.shutdown(wait=); the executor drains only because /query awaits its future, so a future submit-without-await would be drained by nothing and nothing would object",api/app.py app.state.executor,grep -rn 'executor.shutdown' api/ core/  -> no hits,"recorded, NOT guarded. Correct today and incidental; PRINCIPLES.md 7 says do not build for a caller that does not exist"
SEC-10,security,security agent,INFO,test_the_sync_reads_a_consistent_snapshot_under_concurrent_source_writes fails intermittently under full-tier load and passes 3/3 alone on a clean tree; a concurrency test that hopes for an interleaving rather than forcing one (RULES.md 3),tests/unit/test_sync_snapshot_semantics.py,run the whole unit tier repeatedly; it failed twice in ~10 runs,"open; backend. Now seen THREE times in full-tier runs, each passing 3/3 alone afterwards. RULES.md 3: force the interleaving, do not race for it"
SEC-11,security,security agent,MED,"000COORDINATION.md and 001SECURITY.txt DISAGREE about what the security agent owns: 001SECURITY.txt lists scripts/create_*_user.py, 000COORDINATION.md's table does not. I edited those files (F-30, patch d992843) on the authority of the one that lists them",000COORDINATION.md security row vs 001SECURITY.txt section 1,grep -n 'create_\*_user' 000COORDINATION.md 001SECURITY.txt -> only the second matches,"open; owner. Two ownership documents, one of them wrong, and no way to tell which"
SEC-12,security,security agent,MED,"an action's declared parameter type: is enforced NOWHERE -- propose_action checks presence and unknown names only -- so a criterion 'amount less_than 1000' raised a raw TypeError for a string/None/list, and PASSED for amount=True because bool subclasses int, satisfying a numeric guard with a non-number",core/ontology/submission_criteria.py + write_mediator.propose_action,"evaluate_submission_criteria([amount less_than 1000], None, {'amount': True}, None) -> passed before; {'amount': '5000'} -> TypeError",FIXED here: an un-orderable or bool/non-bool mismatched comparison refuses with the criterion's own description. Enforcing declared parameter TYPES in propose_action is the larger fix and is NOT done
SEC-13,security,security agent,MED,"record_task_decision used INSERT OR REPLACE keyed on (write_id, task_index), so a second reviewer approving a task a first had REJECTED replaced the row and the refusal vanished -- reviewer shopping, no trace. The docstring also claimed this table 'keeps the record of who said no'; the rows are deleted with the write",core/pending_write_store.py record_task_decision,"A rejects task 0, B approves task 0 -> is_fully_approved was True, record showed only B","FIXED here. LATENT NOT LIVE: the route consumes the write on any rejection, so no rejected write survives today for a second reviewer to find. Closed at the store because a partial-rejection feature would call it"
SEC-14,security,security agent,MED,"confirm_and_execute re-evaluated criteria, constraints, undeclared fields and MAC against the APPROVER, but never re-checked the PROPOSER's own execute: grant, so an action revoked from a role after proposal could still be approved and run. Runtime role editing makes this live: manage:roles exists and the queue TTL is 15 minutes. SECURITY_ARCHITECTURE.md:298 says authority is never stored",core/ontology/write_mediator.py confirm_and_execute,"propose under generation 1, revoke execute:<Action> from the role, confirm under 2","FIXED here, PARTIALLY. Re-checks the grant when the generation changed. Does NOT catch a proposer since DISABLED, DELETED or MOVED TO ANOTHER ROLE -- proposer is a snapshot and that needs the user directory, which the mediator does not hold. Requested in REQUESTS_security.md"
SEC-15,security,security agent,MED,"MergeDecisionStore opened a bare sqlite3.connect() used as a context manager, which commits but does NOT close: 100 calls to propose()/decide() left 54 file descriptors open. run_sync.py builds this store on every sync and decides per candidate pair, so a large identity run ends in 'Too many open files' and takes the sync with it",core/identity_decisions.py MergeDecisionStore._connection,"100 propose/decide calls, count /proc/self/fd before and after -> +54","FIXED here: uses connection_with_schema(), which closes in a finally and brings WAL, the query deadline and once-per-process schema verification. It does NOT auto-commit, so every writer now commits explicitly -- a control proves the fix would otherwise have silently stopped persisting"
SEC-16,security,security agent,MED,"to_row() uses plain json.dumps with no fallback, so a Decimal, date, datetime or bytes in expected_current_values raises TypeError and store() fails the proposal with a 500. expected_current_values is read from the SOURCE, field_types returns real date/datetime objects, and the shipped ontology declares decimal for money and date for transaction_date",core/pending_write_serialisation.py to_row,to_row(PendingWrite with expected_current_values={'amount': Decimal('49.99')}) -> TypeError,"FIXED here: a typed round-trip tags Decimal, date, datetime and bytes so the TYPE survives, not just the text. default=str was rejected as the wrong fix and a control proves it -- it serialises fine and fails 14 tests. SCHEMA_VERSION bumped to 2, so an older build refuses these rows rather than misreading a tagged value as a plain dict"
SEC-17,security,security agent,LOW,"session and CSRF cookies do not use the __Host- name prefix. OWASP: '__Host- ... Prevents subdomain forgery and HTTPS downgrade attacks. Recommended for session IDs'; NIST SP 800-63B says a session cookie SHOULD have it. Elysium ALREADY satisfies every constraint it enforces (Secure, Path=/, no Domain) -- the prefix makes the BROWSER enforce them, closing subdomain cookie injection by a sibling host",core/auth/auth_cookies.py + api/csrf_middleware.py + ui/ (reads the CSRF cookie by name),grep -rn '__Host-' --include='*.py' --include='*.ts' . -> no match,"open; RECOMMENDATION, not a defect, and needs a decision. Two wrinkles: a __Host- cookie REQUIRES Secure, so local dev (ELYSIUM_COOKIE_SECURE=false) would silently fail to log in unless the prefix is conditional on that flag; and the CSRF cookie name is read by ui/, which is the frontend agent's file. Built and verified, held as ONE atomic change -- shipping the security half alone breaks logout invisibly; see SEC-18. Full diff in REQUESTS_security.md"
SEC-18,security,security agent,MED,"no test anywhere ran the PRODUCTION cookie configuration: conftest.py:226 sets ELYSIUM_COOKIE_SECURE=false for every test, because httpx stores a Secure cookie but will not transmit it over TestClient's default http://testserver base URL. Measured cost: half of SEC-17 applied breaks logout's server-side invalidation and 208 integration tests still passed",tests/integration/conftest.py + the absence of an https client,"apply half of SEC-17, run tests/integration/test_api.py -> 208 passed, breakage unseen","FIXED here: tests/integration/test_production_cookie_configuration.py runs the same app through a TestClient with an https base_url and the env var at its production default. The fix was the BASE URL, not the flag. Controlled: the same half-landed SEC-17 fails it while the 208 pass"
SEC-19,security,security agent,MED,"a truncated roles.db silently hands authority back to policy.yaml after a restart, restoring grants somebody deliberately withdrew. load()'s own docstring says a store that cannot be read must RAISE rather than fall back. role_store_meta distinguishes an emptied TABLE but not an emptied FILE, because connection_with_schema recreates the schema on open and the meta row does not come back",core/role_store.py load(),"seed a store, truncate roles.db to 0 bytes, call load() IN A FRESH PROCESS -> None. In-process it raises, but only because connection_with_schema caches verified schemas","open. I BUILT A FIX AND REVERTED IT: refusing when the roles tables are absent broke 13 integration tests, because RoleChangeStore SHARES roles.db and 'proposing creates the file without seeding it' -- so a file with no roles tables is a NORMAL state. Narrowing to 'no tables at all' leaves a hole the moment a later proposal recreates the change tables. The right shape is probably a startup integrity check comparing the audit trail of applied role changes against seeded_at, not a guard inside load()"
SEC-20,security,security agent,MED,"THREE COMPLETED FIXES ARE INERT ON THIS BRANCH because each needs one or two lines in api/routes.py, which this agent may not edit: F-05's try_record_query (the rate limit is still check-then-act at :3378-3380), E-02's source= argument (login_attempts is still unbounded per window), and SEC-17's cookie reads at :636 and :1097. Merging as is delivers none of the three protections","api/routes.py:636, :1097, :3378-3380 + core/auth/, core/ontology/",grep -n 'is_rate_limited\|record_failure(\|SESSION_COOKIE_NAME' api/routes.py,"open; backend. Each has an exact before/after diff in REQUESTS_security.md and is tested on this branch. RAISED AT INTEGRATION because the risk is a reader concluding from the commits that these are live: the code exists, the tests pass, and nothing calls it. F-05 in particular has no row in AUDIT_CHECKLIST.csv reflecting that"
SEC-21,security,security agent,MED,"verify_password caught only VerifyMismatchError, so a stored hash argon2 could not parse ESCAPED as an exception -- empty, garbage, truncated, or a bcrypt-style row all raised. That reaches the login route as a 500 while every other failed login is a uniform 401: a louder username oracle than the timing channel DUMMY_HASH exists to close, needing no measurement at all",core/auth/password_hashing.py verify_password,"verify_password('not-a-hash', 'anything') -> InvalidHashError","FIXED here: catches VerificationError AND InvalidHashError and returns False. Two separate hierarchies -- VerifyMismatchError derives from VerificationError, InvalidHashError from ValueError -- which is how it survived. Fail-closed is also the right answer: a hash that cannot be parsed has not been verified"
SEC-22,security,security agent,LOW,"password_problem() rejects any password CONTAINING the username as a substring, and nothing enforces a minimum username length -- CreateUserRequest declares plain `username: str`. A user named 'e' cannot choose 'kettle harbour velvet', and the message says 'must not contain your username', which reads as nonsense",core/auth/password_policy.py password_problem + api/routes.py CreateUserRequest,"password_problem('kettle harbour velvet', 'e') -> refused","open, LOW, RECORDED NOT FIXED ON PURPOSE. The remedy LOOSENS a security check -- apply the substring test only above some username length, or match a whole word -- and loosening a check while closing a branch is the wrong moment. NIST's intent is 'do not use your username as your password', not 'no password may contain any letter of it'. Needs a minimum username length decided alongside it"
SEC-23,security,security agent,INFO,"this agent claimed '14 of 14 files reviewed, the lane is closed' and it was false. The 14 were files never TOUCHED; the other 23 were treated as reviewed because the agent had been inside each for one finding. Real figures over 37 owned files: 20 read end to end (1,917 lines), 17 inspected only (8,456 lines) -- about 18% read","STATUS_security.md, and this agent's own bookkeeping",classify every owned .py by whether it was read end to end or only grepped,"CORRECTED here. Largest unexamined, all security-bearing: write_mediator.py 2,256, write_log.py 1,116 (GREPPED ONLY), audit.py 646, api/app.py 580, pending_write_store.py 522. Review continues; write_log.py is the next target"
SEC-24,security,security agent,LOW,"the deleted-index watermark recorded MAX(rowid) over EVERY row while both sync paths read only status='applied', so a row still pending when a sync ran was skipped AND passed. The incremental path could then disagree with a full rebuild -- the property this module claims for itself",core/ontology/write_log.py sync_deleted_index + rebuild_deleted_index,"log a pending delete and a later applied row, sync, mark the delete applied, sync again -> ('current', 0) and is_deleted False; a full rebuild finds it","FIXED here, and I OVERSTATED IT WHEN I FILED IT. I recorded HIGH and said the ordinary crash path left a deleted object readable. It does not: BOTH _apply_one_delete and _resume_one_delete_entry call record_delete BEFORE mark_applied, verified over the source, so the index is written directly and never depends on the sync. My reproduction marked the row applied with raw SQL, which no product path does. Downgraded to LOW: a real bookkeeping inconsistency in the watermark, with no reachable consequence through any supported path. The fix is kept because the claim it restores -- the incremental path agrees with a rebuild -- is one the module makes"
SEC-25,security,security agent,MED,"AuditLog._write used a bare json.dumps, and object_id is typed Any coming from the id_field, whose data_type object_type_validation accepts as decimal, date or timestamp. _write runs on EVERY access decision, so a date-keyed or decimal-keyed type raised TypeError on every read -- the whole object type unusable, reporting a JSON error rather than anything about the ontology",core/intermediate_layer/audit.py _write,"log_access(..., object_id=Decimal('49.99'), ...) -> TypeError. NOTE: my first probe named fields.<id>.data_type, which is the WRONG knob -- an object's id type is declared as storage.id_type, and decimal, date and timestamp are all accepted there at load (verified). The finding stands; the declaration I originally cited did not govern it","FIXED here with default=str, which is CORRECT here and was WRONG in SEC-16: an audit entry is never compared against a live value, it is an operator record read back only to be shown. Fail-closed before the fix -- the raise was inside the authorization path, so nothing was served unlogged"
SEC-26,security,security agent,LOW,"_resolve_expected gated user.<attr> and proposer.<attr> with hasattr, true of every method and dunder as well as the three real fields, so user.__eq__ resolved to a bound method. A criterion whose expected value is a bound method compares unequal to everything -- present, evaluated and useless, the F-08 shape. _USER_RECORD_FIELDS already existed one screen above, used only for an import-time self-check",core/ontology/submission_criteria.py _resolve_expected,"_resolve_expected('user.__eq__', {}, user_record) -> <bound method ...>","FIXED here: only a declared field of UserRecord resolves, and the refusal lists them. The check NARROWS, which is why it was safe while closing -- nothing that worked and was meaningful stops working. Two existing tests matched the old message text and were updated to the narrower one; behaviour unchanged, both still raise"
SEC-27,security,security agent,HIGH,"a mutation could set a type's SECURITY field from a caller-supplied parameter -- `set: {property: region, value: parameter.target_region}` loads fine. The model composes parameter values and is untrusted by this project's first principle, so the compartment of a newly created object could be chosen by the least trusted component, possibly one the acting user cannot see into. _resolve_mutation_value's own comment names the hazard; nothing enforced it",core/ontology/write_mediator.py propose_action / _resolve_mutation_value,declare a create action with region <- parameter.<n>; it loads and resolves,"FIXED here: a parameter reference to the declared security field is refused at proposal. Latent rather than live -- no shipped action does it. Nothing else caught it: _authorize_sub_write skips MAC for creates (no row yet) and _refuse_cross_compartment excludes creates for the same reason, both correct alone"
SEC-28,security,security agent,MED,"_refuse_cross_compartment excludes CREATES from its write set, so an action that reads an object in one compartment and creates one in another is not detected as a crossing, while the identical flow via UPDATE is refused. A create's compartment is knowable at proposal -- it is in the resolved changes",core/ontology/write_mediator.py _refuse_cross_compartment / _compartment_crossings,"_compartment_crossings({('Customer','c1'):'us-west'}, {}) -> 0; updates -> 1","open, RECORDED NOT FIXED. Closing it means deriving a create's label from its resolved changes, which changes _refuse_cross_compartment rather than adding a guard beside it, and SEC-27 already removes the caller-chosen half. Deliberate scope limit while closing a branch, not an oversight"
SEC-29,security,security agent,LOW,"superseded() compares created_at as a STRING, and created_at is written with a plain datetime.now(UTC).isoformat() which omits microseconds when they are zero. That orders correctly ONLY because '+' (0x2B) sorts before '.' (0x2E), so a whole second precedes its own fractions. Normalising the offset to 'Z' (0x5A) would silently invert same-second ordering and a resumed delete would supersede an earlier operation",core/ontology/write_log.py superseded,'2026-01-01T10:00:00+00:00' < '2026-01-01T10:00:00.500000+00:00' -> True; with 'Z' -> False,"DOCUMENTED AND PINNED, not changed. Changing the stored timestamp format is a migration. The dependency is now stated at superseded() where the next reader meets it, and tests/unit/test_write_log_timestamp_ordering.py fails if it stops holding -- including a test asserting a Z-formatted timestamp would break it. pending_write_store._stamp pins timespec='microseconds' for this exact reason; this store relied on the coincidence"
